id,platform_url,source_url,app_name,platform_name,version,users_count,processes_count,assemblies_count,comments_count,users,participatory_processes,assemblies,comments,meetings,proposals,accepted_proposals,votes,endorsements,survey_answers,results,debates
3,https://omastadi.hel.fi,https://github.com/City-of-Helsinki/decidim-helsinki,City of Helsinki participationary platform,OmaStadi,0.27.9,76967,1,2,13647,0,0,0,0,0,0,0,0,0,0,0,0
42,https://partecipa.gov.it,https://github.com/dipartimentofunzionepubblica/partecipa,ParteciPA,ParteciPa,0.28.6,27519,3,10,786,27519,72,12,1041,151,995,0,14317,431,273643,0,6
43,https://processos.visc.ad,,pre.visc.ad,VISC,0.20.0,475,1,0,37,0,0,0,0,0,0,0,0,0,0,0,0
54,https://codefor.fr,,decidim.f0rk,Code for France,0.16.1,179,9,3,36,0,0,0,0,0,0,0,0,0,0,0,0
57,https://participation.u-bordeaux.fr,https://github.com/OpenSourcePolitics/decidim-ubx,OSP Agora,Université de Bordeaux,0.27.4,13007,1,8,649,13043,19,12,1228,40,568,72,923,2155,128,28,6
110,https://participate.indices-culture.eu,,InDICES Participatory Platform,inDICEs Participatory Space,0.26.1,19261,0,8,50,37679,36,8,244,93,167,23,113,67,7942,10,1
116,https://participa.affac.cat,,Participa Affac,aFFaC,0.27.10,32645,0,1,7,32645,5,2,432,0,4,1,0,0,72471,0,5
138,https://participons-communes.fr/,https://github.com/OpenSourcePolitics/decidim-app,OSP Agora,Plateforme participons-communes,0.26.7,752,0,14,4,1473,8,15,4,1,68,24,0,11,9,3,0
139,https://decidim.u-pec.fr,https://github.com/OpenSourcePolitics/decidim-app,OSP Agora,Convention citoyenne étudiante de l'université Paris-Est Créteil,0.26.2,11164,2,0,14103,32434,10,1,15303,0,2140,97,68,1692,19787,42,0
141,https://jeparticipe.villejuif.fr/,https://github.com/OpenSourcePolitics/decidim-villejuif,OSP Agora,jeparticipe.villejuif.fr,0.27.4,2798,1,10,136,2798,20,11,214,126,404,110,7,1247,23787,0,0
154,https://participez.antibes-juanlespins.com/,https://github.com/antibes-dev/decidim-antibes,Antibes Decidim,la plateforme de participation citoyenne d’Antibes Juan-les-Pins,0.26.5,3087,0,12,54,0,0,0,0,0,0,0,0,0,0,0,0
166,https://participationcitoyenne.ccomptes.fr/,https://github.com/openSourcePolitics/decidim-cdc,OSP Agora,Plateforme de participation de la Cour des Comptes,0.27.5,43324,0,0,14693,43324,6,0,14719,0,4003,57,0,79459,4649,0,0
,,,TOTAL,TOTAL,,231178,18,68,44202,190915,176,61,33185,411,8349,384,15428,85062,402416,83,18
